Name,Value,Error
m_st,0.005880,0.0000005
d_st,0.0045,0.0005
L_st,0.040,0.0005
T_n,70,0.5
n,10,0
x_minus,-0.095,0.005
x_plus,0.22,0.005
