Value,Error
R_s,10,0.01
L,0.365,0.0005
d_1,0.000055,0.0000005
d_2,0.01,0.0005
