Value,Error
P_atm,98600,100
L_to_S,700,50
V_1,0.00036,0.0000005
V_2,0.00036,0.0000005
