Name,Value,Error
C,0.000120,0.0000005
f,50,0
