Value,Error
V_locked,0.000050,0.000003
P_atm,100000,1000
de_oil,885,0.5
g,9.80665,0.000005
