Name,Value,Error
N_0,15,0
N_rc,300,0
S,0.000066,0.0000005
_2piR,0.141,0.0005
K_x,0.5,0
K_y,0.02,0
