Name,Value,Error
R_0,2,0.5
C_rc,0.000002,0.0000005
R_rc,20000,500
U_126,13.05,0.005
