Value,Error
V,0.005,0.00005
t,72,1
d,0.003575,0.000025
