Value,Error
d,0.003575,0.000025
L_1,0.409,0.0005
L_2,0.809,0.0005
