Value,Error
L_1,0.707,0.0005
L_2,1.207,0.0005
d,0.00525,0.00025
