Value,Error
V,5,0.05
t,72,1
d,0.003575,0.000025
